Titles,Authors,arxiv_id,Category,Source,DOI_id,Citation_count,no of Authors,Title length
183,8,2408.12568,0,https://arxiv.org/pdf/2408.12591,10.1155/2020/8893749,6.0,2,56
419,159,2408.12568,0,https://arxiv.org/pdf/2408.12574,10.1007/s10458-016-9328-6,7.0,7,48
512,433,2408.12568,0,https://arxiv.org/pdf/2408.12568,10.1109/iscc58397.2023.10218309,18.170289855072465,6,94
384,158,2408.12568,0,https://arxiv.org/pdf/2408.12496,10.1007/s10458-011-9187-0,8.0,4,66
35,116,2408.12568,0,https://arxiv.org/pdf/2408.12491,10.1093/med/9780199235636.003.0012,18.170289855072465,57,129
157,61,2408.12568,0,https://arxiv.org/pdf/2408.12420,10.1201/9781003442509-15,18.170289855072465,4,53
558,387,2408.12568,0,https://arxiv.org/pdf/2408.12369,10.3166/isi.21.3.53-74,18.170289855072465,4,124
298,601,2408.12568,0,https://arxiv.org/pdf/2408.12333,10.20944/preprints202306.0430.v1,18.170289855072465,4,51
496,110,2408.12568,0,https://arxiv.org/pdf/2408.12320,10.2139/ssrn.4784122,18.170289855072465,9,39
365,260,2408.12568,0,https://arxiv.org/pdf/2408.12315,10.31224/3842,18.170289855072465,3,119
163,579,2408.12568,0,https://arxiv.org/pdf/2408.12308,10.1109/icpr.2016.7900080,7.0,2,99
626,586,2408.12568,0,https://arxiv.org/pdf/2408.12305,10.35232/estudamhsd.475125,1.0,3,94
451,156,2408.12568,0,https://arxiv.org/pdf/2408.12304,10.17771/pucrio.acad.54349,18.170289855072465,2,73
43,115,2408.12568,0,https://arxiv.org/pdf/2408.12293,10.1007/s11063-023-11274-5,1.0,6,72
112,371,2408.12568,0,https://arxiv.org/pdf/2408.12259,10.18653/v1/p16-1060,33.0,6,82
110,503,2408.12568,0,https://arxiv.org/pdf/2408.12250,10.1007/978-94-007-7914-3_7,37.0,2,48
217,452,2408.12568,0,https://arxiv.org/pdf/2408.12247,10.1109/icws60048.2023.00033,18.170289855072465,11,107
685,589,2408.12568,0,https://arxiv.org/pdf/2408.12237,10.18653/v1/d18-1449,5.0,4,69
403,580,2408.12568,0,https://arxiv.org/pdf/2408.12236,10.2139/ssrn.4551886,18.170289855072465,5,128
649,532,2408.12568,0,https://arxiv.org/pdf/2408.12214,10.1109/ijcnn.1989.118357,1.0,4,85
545,90,2408.12568,0,https://arxiv.org/pdf/2408.12212,10.14711/thesis-b672602,18.170289855072465,2,46
528,302,2408.12568,0,https://arxiv.org/pdf/2408.12184,10.7717/peerj-cs.2241/supp-8,18.170289855072465,4,87
426,661,2408.12568,0,https://arxiv.org/pdf/2408.12148,10.1109/edgecom62867.2024.00024,18.170289855072465,2,80
583,595,2408.12568,0,https://arxiv.org/pdf/2408.12133,10.1109/tpami.2024.3415112/mm1,18.170289855072465,5,52
560,360,2408.12568,0,https://arxiv.org/pdf/2408.12130,10.2514/6.2022-2084.vid,18.170289855072465,4,110
186,49,2408.12568,0,https://arxiv.org/pdf/2408.12128,10.1386/9781789389135_32,18.170289855072465,3,66
293,251,2408.12568,0,https://arxiv.org/pdf/2408.12116,10.11606/t.55.2020.tde-03022020-093918,18.170289855072465,3,104
644,356,2408.12568,0,https://arxiv.org/pdf/2408.12065,10.1109/tit.1978.1055913,212.0,2,54
247,103,2408.12568,0,https://arxiv.org/pdf/2408.12025,10.1201/b11426-10,18.170289855072465,3,81
587,225,2408.12568,0,https://arxiv.org/pdf/2408.11987,10.1201/9781003425724-25,18.170289855072465,9,113
585,3,2408.12568,0,https://arxiv.org/pdf/2408.11976,10.1007/978-3-030-98872-2_1,18.170289855072465,3,77
55,611,2408.12568,0,https://arxiv.org/pdf/2408.11943,10.1109/smc53654.2022.9945333,2.0,3,61
401,223,2408.12568,0,https://arxiv.org/pdf/2408.11939,10.1145/3632754.3632941,18.170289855072465,3,44
233,297,2408.12568,0,https://arxiv.org/pdf/2408.11936,10.32657/10356/172895,18.170289855072465,5,84
62,242,2408.12568,0,https://arxiv.org/pdf/2408.11925,10.1109/icre.1996.491434,1.0,3,126
563,27,2408.12568,0,https://arxiv.org/pdf/2408.11851,10.1016/c2015-0-01503-9,18.170289855072465,7,82
432,690,2408.12568,7,https://arxiv.org/pdf/2408.12598,10.3788/ai.2024.10003,18.170289855072465,7,81
699,62,2408.12568,7,https://arxiv.org/pdf/2408.12590,10.36227/techrxiv.22843637.v1,18.170289855072465,19,86
324,382,2408.12568,22,https://arxiv.org/pdf/2408.12581,10.3030/821427,18.170289855072465,3,69
559,544,2408.12568,4,https://arxiv.org/pdf/2408.12579,10.18653/v1/2023.emnlp-main.948,18.170289855072465,10,88
21,123,2408.12568,22,https://arxiv.org/pdf/2408.12578,10.1093/bioinformatics/btab083,363.0,4,85
225,26,2408.12568,7,https://arxiv.org/pdf/2408.12575,10.1109/tiv.2022.3218594,4.0,9,73
696,303,2408.12568,22,https://arxiv.org/pdf/2408.12561,10.1016/0893-6080(95)00135-2,32.0,3,106
153,0,2408.12568,39,https://arxiv.org/pdf/2408.12560,10.1201/9781003193128-4,18.170289855072465,5,48
416,403,2408.12568,40,https://arxiv.org/pdf/2408.12549,10.1007/0-387-32348-1_14,18.170289855072465,1,88
84,245,2408.12568,17,https://arxiv.org/pdf/2408.12534,10.1007/978-3-031-58776-4_13,18.170289855072465,10,83
476,427,2408.12568,22,https://arxiv.org/pdf/2408.12525,10.1016/b978-1-55860-307-3.50030-7,32.0,3,86
54,466,2408.12568,22,https://arxiv.org/pdf/2408.12519,10.1101/2022.05.06.490934,2.0,4,102
621,32,2408.12568,4,https://arxiv.org/pdf/2408.12503,10.2118/171230-ru,18.170289855072465,5,95
286,284,2408.12568,4,https://arxiv.org/pdf/2408.12494,10.31979/etd.whch-w6jc,18.170289855072465,10,101
444,446,2408.12568,7,https://arxiv.org/pdf/2408.12483,10.1037/e670142012-001,18.170289855072465,6,100
497,30,2408.12568,22,https://arxiv.org/pdf/2408.12476,10.21203/rs.3.rs-3178713/v1,2.0,4,90
680,374,2408.12568,7,https://arxiv.org/pdf/2408.12466,10.1109/icra.2015.7139360,17.0,7,137
546,667,2408.12568,7,https://arxiv.org/pdf/2408.12454,10.1167/10.7.810,1.0,10,56
23,483,2408.12568,7,https://arxiv.org/pdf/2408.12443,10.21203/rs.3.rs-2472444/v1,18.170289855072465,8,93
224,476,2408.12568,7,https://arxiv.org/pdf/2408.12426,10.1021/acs.analchem.0c01660.s001,1.0,5,99
421,421,2408.12568,22,https://arxiv.org/pdf/2408.12423,10.23919/fusion52260.2023.10224217,1.0,4,70
2,262,2408.12568,22,https://arxiv.org/pdf/2408.12419,10.1021/acs.jpcb.2c07405.s001,18.170289855072465,9,92
109,41,2408.12568,7,https://arxiv.org/pdf/2408.12418,10.7554/elife.28183.019,18.170289855072465,3,45
200,63,2408.12568,3,https://arxiv.org/pdf/2408.12413,10.1037/e668292012-273,18.170289855072465,13,133
423,420,2408.12568,22,https://arxiv.org/pdf/2408.12409,10.1016/j.knosys.2023.110790,4.0,4,92
424,55,2408.12568,7,https://arxiv.org/pdf/2408.12400,10.1109/icip.2019.8803617,13.0,3,70
115,564,2408.12568,22,https://arxiv.org/pdf/2408.12373,10.1109/coginf.2007.4341933,18.170289855072465,8,51
565,81,2408.12568,7,https://arxiv.org/pdf/2408.12364,10.1093/hebz/9780198844808.003.0015,18.170289855072465,6,44
120,651,2408.12568,7,https://arxiv.org/pdf/2408.12355,10.5220/0012351600003660,18.170289855072465,11,75
273,267,2408.12568,4,https://arxiv.org/pdf/2408.12337,10.5220/0012159000003598,18.170289855072465,5,83
223,366,2408.12568,22,https://arxiv.org/pdf/2408.12334,10.1109/ijcnn48605.2020.9206591,1.0,3,84
337,332,2408.12568,4,https://arxiv.org/pdf/2408.12326,10.36227/techrxiv.172297712.23792600/v1,18.170289855072465,4,89
634,529,2408.12568,7,https://arxiv.org/pdf/2408.12292,10.1145/3581783.3612472,2.0,6,62
177,447,2408.12568,40,https://arxiv.org/pdf/2408.12279,10.7717/peerj.11089/table-5,18.170289855072465,10,132
673,377,2408.12568,22,https://arxiv.org/pdf/2408.12270,10.1137/140980120,11.0,5,97
628,641,2408.12568,4,https://arxiv.org/pdf/2408.12263,10.31234/osf.io/3hrnc,1.0,5,102
16,301,2408.12568,4,https://arxiv.org/pdf/2408.12254,10.1075/lald.46.04mei,85.0,6,55
361,6,2408.12568,4,https://arxiv.org/pdf/2408.12249,10.2139/ssrn.4458613,2.0,7,70
235,363,2408.12568,4,https://arxiv.org/pdf/2408.12226,10.4324/9781315165103-5,18.170289855072465,4,129
647,511,2408.12568,22,https://arxiv.org/pdf/2408.12198,10.2514/6.2013-1467,18.170289855072465,4,42
536,468,2408.12568,4,https://arxiv.org/pdf/2408.12188,10.1109/icmla58977.2023.00122,2.0,6,73
25,460,2408.12568,36,https://arxiv.org/pdf/2408.12187,10.1109/ccdc62350.2024.10588017,18.170289855072465,4,106
529,254,2408.12568,22,https://arxiv.org/pdf/2408.12185,10.24963/ijcai.2024/520,18.170289855072465,8,69
577,461,2408.12568,39,https://arxiv.org/pdf/2408.12159,10.31390/gradschool_theses.3406,18.170289855072465,4,39
326,661,2408.12568,4,https://arxiv.org/pdf/2408.12157,10.1109/icaace61206.2024.10549245,18.170289855072465,2,63
29,549,2408.12568,10,https://arxiv.org/pdf/2408.12151,10.1016/j.tcs.2018.08.025,2.0,4,42
166,241,2408.12568,17,https://arxiv.org/pdf/2408.12150,10.1109/tencon.1992.271876,18.170289855072465,3,72
383,86,2408.12568,4,https://arxiv.org/pdf/2408.12142,10.1037/e373972004-005,18.170289855072465,8,108
151,162,2408.12568,22,https://arxiv.org/pdf/2408.12139,10.1021/acs.analchem.1c02988.s001,18.170289855072465,6,112
162,648,2408.12568,22,https://arxiv.org/pdf/2408.12129,10.1109/icsmartgrid61824.2024.10578179,18.170289855072465,1,106
80,661,2408.12568,39,https://arxiv.org/pdf/2408.12125,10.1109/cscloud62866.2024.00030,18.170289855072465,2,62
219,660,2408.12568,16,https://arxiv.org/pdf/2408.12121,10.1109/taffc.2023.3319397/mm1,18.170289855072465,4,128
652,680,2408.12568,9,https://arxiv.org/pdf/2408.12119,10.1007/978-3-030-96896-0_15,1.0,5,94
555,581,2408.12568,22,https://arxiv.org/pdf/2408.12113,10.1021/acs.jcim.3c00698.s001,18.170289855072465,4,151
88,458,2408.12568,22,https://arxiv.org/pdf/2408.12112,10.1109/cdc42340.2020.9304511,3.0,4,81
252,418,2408.12568,22,https://arxiv.org/pdf/2408.12097,10.1575/1912/4965,18.170289855072465,9,175
697,7,2408.12568,4,https://arxiv.org/pdf/2408.12095,10.7717/peerjcs.1176/fig-4,18.170289855072465,9,76
663,174,2408.12568,7,https://arxiv.org/pdf/2408.12086,10.1108/ribs-11-2023-0128,18.170289855072465,7,107
250,325,2408.12568,37,https://arxiv.org/pdf/2408.12080,10.2139/ssrn.4879580,18.170289855072465,3,112
312,168,2408.12568,4,https://arxiv.org/pdf/2408.12079,10.18653/v1/2023.loresmt-1.8,18.170289855072465,3,115
131,653,2408.12568,4,https://arxiv.org/pdf/2408.12076,10.36227/techrxiv.171665607.76504195/v1,18.170289855072465,9,84
189,448,2408.12568,37,https://arxiv.org/pdf/2408.12067,10.1109/tcomm.2022.3228865,3.0,3,120
9,531,2408.12568,23,https://arxiv.org/pdf/2408.12063,10.1017/9781107588783.013,3.0,10,57
230,75,2408.12568,7,https://arxiv.org/pdf/2408.12062,10.2139/ssrn.4635950,18.170289855072465,4,65
242,409,2408.12568,4,https://arxiv.org/pdf/2408.12060,10.2139/ssrn.4883472,18.170289855072465,5,82
227,232,2408.12568,39,https://arxiv.org/pdf/2408.12056,10.1145/3638530.3664174,18.170289855072465,5,67
537,129,2408.12568,22,https://arxiv.org/pdf/2408.12036,10.1080/13546780042000046,158.0,3,47
8,343,2408.12568,6,https://arxiv.org/pdf/2408.12032,10.1109/icces.2006.320436,18.170289855072465,2,71
266,150,2408.12568,5,https://arxiv.org/pdf/2408.12029,10.33612/diss.655219005,18.170289855072465,4,98
654,287,2408.12568,4,https://arxiv.org/pdf/2408.12022,10.1111/mila.12346,2.0,5,63
192,23,2408.12568,18,https://arxiv.org/pdf/2408.12008,10.1080/07474940701620782,3.0,4,93
516,1,2408.12568,22,https://arxiv.org/pdf/2408.12007,10.32614/cran.package.tsf,18.170289855072465,7,63
118,419,2408.12568,5,https://arxiv.org/pdf/2408.11984,10.1093/oso/9780199765652.003.0005,18.170289855072465,6,79
466,137,2408.12568,22,https://arxiv.org/pdf/2408.11979,10.1016/b978-0-44-456349-1.00008-8,2.0,4,74
532,431,2408.12568,7,https://arxiv.org/pdf/2408.11963,10.1109/isorc.2003.1199254,1.0,3,55
244,298,2408.12568,22,https://arxiv.org/pdf/2408.11935,10.20868/upm.thesis.73247,18.170289855072465,7,69
440,56,2408.12568,22,https://arxiv.org/pdf/2408.11918,10.1109/72.572088,37.0,2,63
690,198,2408.12568,8,https://arxiv.org/pdf/2408.11910,10.1093/jcr/ucy039,126.0,2,123
98,350,2408.12568,4,https://arxiv.org/pdf/2408.11879,10.1038/s43588-023-00527-x,36.0,8,71
280,151,2408.12568,34,https://arxiv.org/pdf/2408.11876,10.32614/cran.package.rgv,18.170289855072465,11,119
311,547,2408.12568,4,https://arxiv.org/pdf/2408.11875,10.1145/3442442.3453706,18.170289855072465,6,95
405,295,2408.12568,4,https://arxiv.org/pdf/2408.11871,10.21203/rs.3.rs-4465815/v1,1.0,9,81
221,203,2408.12568,4,https://arxiv.org/pdf/2408.11869,10.1002/9780470904848.ch3,18.170289855072465,5,71
331,244,2408.12568,4,https://arxiv.org/pdf/2408.11868,10.1109/saner56733.2023.00039,18.170289855072465,4,95
142,426,2408.12568,4,https://arxiv.org/pdf/2408.11866,10.18653/v1/2023.nlrse-1.7,7.0,2,123
315,470,2408.12568,4,https://arxiv.org/pdf/2408.11865,10.21203/rs.3.rs-4584723/v1,18.170289855072465,2,49
664,628,2408.12568,22,https://arxiv.org/pdf/2408.11863,10.1017/cbo9780511721373.019,18.170289855072465,1,79
584,632,2408.12568,4,https://arxiv.org/pdf/2408.11862,10.3102/1680141,18.170289855072465,2,83
594,29,2408.12568,4,https://arxiv.org/pdf/2408.11861,10.2139/ssrn.4774771,18.170289855072465,5,81
198,176,2408.12568,4,https://arxiv.org/pdf/2408.11856,10.31979/etd.taar-3t5j,18.170289855072465,5,99
259,679,2408.12568,4,https://arxiv.org/pdf/2408.11855,10.36227/techrxiv.171863632.29206743/v1,18.170289855072465,9,81
688,577,2408.12568,4,https://arxiv.org/pdf/2408.11854,10.1109/bigdata.2018.8622048,1.0,8,145
263,339,2408.12568,4,https://arxiv.org/pdf/2408.11852,10.1037/e602872013-001,18.170289855072465,5,57
600,602,2408.12568,4,https://arxiv.org/pdf/2408.11849,10.1109/taslp.2021.3087948,10.0,5,118
386,622,2408.12568,4,https://arxiv.org/pdf/2408.11848,10.1111/j.1740-8261.2001.tb00900.x,9.0,6,54
211,415,2408.12568,4,https://arxiv.org/pdf/2408.11843,10.1145/3593013.3594004,2.0,5,66
140,43,2408.12568,8,https://arxiv.org/pdf/2408.11841,10.58257/ijprems32676,18.170289855072465,90,99
346,487,2408.12568,7,https://arxiv.org/pdf/2408.11840,10.1088/1361-6560/ad6117,18.170289855072465,12,73
48,178,2408.12568,22,https://arxiv.org/pdf/2408.11839,10.7717/peerj-cs.1186/fig-3,18.170289855072465,6,87
411,154,2408.12568,22,https://arxiv.org/pdf/2408.11837,10.1109/chase60773.2024.00017,18.170289855072465,6,90
568,494,2408.12568,7,https://arxiv.org/pdf/2408.11834,10.31219/osf.io/pgexq,18.170289855072465,6,85
469,165,2408.12568,4,https://arxiv.org/pdf/2408.11832,10.18653/v1/2021.findings-emnlp.179,5.0,7,68
464,13,2408.12568,37,https://arxiv.org/pdf/2408.11828,10.2139/ssrn.4812342,18.170289855072465,6,99
290,68,2408.12568,8,https://arxiv.org/pdf/2408.11826,10.2139/ssrn.4862474,18.170289855072465,6,121
597,37,2408.12568,8,https://arxiv.org/pdf/2408.11825,10.1016/j.ifacol.2021.08.082,27.0,2,55
68,574,2408.12568,16,https://arxiv.org/pdf/2408.11824,10.1349/ddlp.3120,6.0,8,60
396,204,2408.12568,29,https://arxiv.org/pdf/2408.11823,10.2139/ssrn.4706194,18.170289855072465,2,109
596,47,2408.12568,36,https://arxiv.org/pdf/2408.11822,10.3389/fnbot.2023.1269105,18.170289855072465,2,88
548,477,2408.12568,8,https://arxiv.org/pdf/2408.11820,10.1007/s43681-024-00524-4,18.170289855072465,6,73
341,199,2408.12568,39,https://arxiv.org/pdf/2408.05128,10.1145/3643991.3645084,18.170289855072465,4,117
462,351,2408.12568,39,https://arxiv.org/pdf/2408.02825,10.2139/ssrn.4923030,18.170289855072465,5,81
498,434,2408.12568,39,https://arxiv.org/pdf/2311.07786,10.1109/tse.2024.3443741,18.170289855072465,4,86
657,436,2408.12568,39,https://arxiv.org/pdf/2305.18150,10.1145/3624739,18.170289855072465,4,122
457,435,2408.12568,39,https://arxiv.org/pdf/2110.15447,10.1145/3530785,3.0,4,90
282,437,2408.12568,29,https://arxiv.org/pdf/2109.10430,10.3724/sp.j.1087.2008.03017,1.0,3,84
373,357,2408.12568,0,https://arxiv.org/pdf/2408.11793,10.1145/3626772.3657673,18.170289855072465,5,160
197,659,2408.12568,0,https://arxiv.org/pdf/2408.11788,10.11606/t.55.2021.tde-08112021-112852,18.170289855072465,6,87
344,627,2408.12568,0,https://arxiv.org/pdf/2408.11744,10.22541/au.171410867.74664706/v1,18.170289855072465,5,86
122,364,2408.12568,0,https://arxiv.org/pdf/2408.11735,10.23880/oajpr-16000295,18.170289855072465,3,72
492,139,2408.12568,0,https://arxiv.org/pdf/2408.11691,10.1063/1.873782,2.0,5,85
194,336,2408.12568,0,https://arxiv.org/pdf/2408.11608,10.1136/bmj.1.4092.1175,18.170289855072465,2,51
196,319,2408.12568,0,https://arxiv.org/pdf/2408.11574,10.4324/9781315114668-12,1.0,3,46
245,605,2408.12568,0,https://arxiv.org/pdf/2408.11552,10.36227/techrxiv.19172369.v1,18.170289855072465,5,66
523,328,2408.12568,0,https://arxiv.org/pdf/2408.11526,10.22541/au.165426315.58267165/v1,18.170289855072465,3,97
517,438,2408.12568,0,https://arxiv.org/pdf/2408.11515,10.7717/peerj.3689/supp-5,18.170289855072465,3,65
430,623,2408.12568,0,https://arxiv.org/pdf/2408.11494,10.36227/techrxiv.172175654.40363354/v1,18.170289855072465,5,80
234,545,2408.12568,0,https://arxiv.org/pdf/2408.11492,10.1007/s41109-024-00627-1,18.170289855072465,6,73
445,692,2408.12568,0,https://arxiv.org/pdf/2408.11491,10.1016/s0925-7535(02)00005-x,15.0,3,102
101,686,2408.12568,0,https://arxiv.org/pdf/2408.11451,10.1101/2024.02.28.581983,8.0,9,55
220,202,2408.12568,0,https://arxiv.org/pdf/2408.11449,10.18653/v1/2021.naacl-main.83,6.0,4,79
232,191,2408.12568,0,https://arxiv.org/pdf/2408.11441,10.1080/15265161.2023.2250319,3.0,3,36
591,92,2408.12568,0,https://arxiv.org/pdf/2408.11371,10.1017/s147106841600003x,1.0,4,74
640,134,2408.12568,0,https://arxiv.org/pdf/2408.11367,10.1142/9781783265091_0010,18.170289855072465,2,93
511,594,2408.12568,0,https://arxiv.org/pdf/2408.11363,10.1021/acsami.4c01207.s001,18.170289855072465,5,86
463,274,2408.12568,0,https://arxiv.org/pdf/2408.11356,10.21203/rs.3.rs-1454132/v1,6.0,4,113
428,484,2408.12568,0,https://arxiv.org/pdf/2408.11347,10.1016/j.ijar.2014.02.004,6.0,4,106
82,342,2408.12568,0,https://arxiv.org/pdf/2408.11338,10.4095/193919,18.170289855072465,18,82
85,94,2408.12568,0,https://arxiv.org/pdf/2408.11326,10.1515/9783110782073-004,18.170289855072465,5,74
504,54,2408.12568,0,https://arxiv.org/pdf/2408.11316,10.1021/jacs.4c05840.s001,18.170289855072465,4,58
662,527,2408.12568,0,https://arxiv.org/pdf/2408.11313,10.2139/ssrn.2646463,2.0,6,124
202,76,2408.12568,0,https://arxiv.org/pdf/2408.11308,10.21203/rs.3.rs-4385503/v1,18.170289855072465,3,96
69,603,2408.12568,0,https://arxiv.org/pdf/2408.11288,10.2196/preprints.64088,1.0,7,120
92,160,2408.12568,0,https://arxiv.org/pdf/2408.11281,10.5220/0007229902280232,1.0,5,116
631,631,2408.12568,0,https://arxiv.org/pdf/2408.11261,10.36227/techrxiv.171504678.80895811/v1,18.170289855072465,8,75
329,386,2408.12568,0,https://arxiv.org/pdf/2408.11258,10.1109/icassp.2019.8682319,4.0,3,93
616,321,2408.12568,0,https://arxiv.org/pdf/2408.11249,10.1007/s10506-024-09412-y,18.170289855072465,2,77
473,79,2408.12568,0,https://arxiv.org/pdf/2408.11237,10.1109/bigcomp57234.2023.00040,2.0,5,96
216,22,2408.12568,22,https://arxiv.org/pdf/2408.11816,10.1109/intellisys.2015.7361227,18.170289855072465,3,96
303,445,2408.12568,4,https://arxiv.org/pdf/2408.11815,10.1016/0888-613x(91)90008-a,444.0,3,52
70,101,2408.12568,22,https://arxiv.org/pdf/2408.11804,10.1016/j.patcog.2016.08.013,75.0,8,66
358,449,2408.12568,4,https://arxiv.org/pdf/2408.11796,10.21203/rs.3.rs-4775436/v1,18.170289855072465,9,63
625,152,2408.12568,7,https://arxiv.org/pdf/2408.11785,10.1109/tcsvt.2024.3424219/mm1,18.170289855072465,8,73
602,300,2408.12568,22,https://arxiv.org/pdf/2408.11778,10.1109/iscas.2018.8351138,5.0,3,23
146,308,2408.12568,36,https://arxiv.org/pdf/2408.11761,10.1109/icar53236.2021.9659382,5.0,4,77
566,668,2408.12568,7,https://arxiv.org/pdf/2408.11760,10.1021/acs.nanolett.4c01050.s001,18.170289855072465,8,76
332,109,2408.12568,34,https://arxiv.org/pdf/2408.11754,10.1161/circimaging.119.009759,7.0,6,72
467,381,2408.12568,7,https://arxiv.org/pdf/2408.11747,10.3390/rs15204939,18.170289855072465,5,47
278,656,2408.12568,4,https://arxiv.org/pdf/2408.11745,10.1109/icpads.2001.934877,1.0,9,52
123,629,2408.12568,7,https://arxiv.org/pdf/2408.11742,10.1109/iccv51070.2023.00276,1.0,2,95
215,587,2408.12568,9,https://arxiv.org/pdf/2408.11727,10.31234/osf.io/r78fc,1.0,7,61
343,372,2408.12568,7,https://arxiv.org/pdf/2408.11721,10.1109/icip46576.2022.9898014,1.0,3,70
375,12,2408.12568,39,https://arxiv.org/pdf/2408.11710,10.18260/1-2-119-46353,18.170289855072465,4,92
3,107,2408.12568,37,https://arxiv.org/pdf/2408.11659,10.4108/eai.18-12-2023.2348128,18.170289855072465,3,103
107,106,2408.12568,9,https://arxiv.org/pdf/2408.11650,10.18260/1-2--40754,18.170289855072465,7,83
675,5,2408.12568,7,https://arxiv.org/pdf/2408.11649,10.14711/thesis-991013114655203412,18.170289855072465,3,165
156,515,2408.12568,43,https://arxiv.org/pdf/2408.11619,10.1016/j.watres.2017.08.065,22.0,4,96
693,604,2408.12568,4,https://arxiv.org/pdf/2408.11609,10.1016/j.knosys.2024.112219,18.170289855072465,16,62
435,375,2408.12568,26,https://arxiv.org/pdf/2408.11607,10.1201/9781003098607-3,18.170289855072465,2,108
114,558,2408.12568,4,https://arxiv.org/pdf/2408.11599,10.1109/ijcnn55064.2022.9892592,18.170289855072465,8,75
46,514,2408.12568,19,https://arxiv.org/pdf/2408.11592,10.46620/20-0024,1.0,2,96
184,530,2408.12568,4,https://arxiv.org/pdf/2408.11554,10.18653/v1/2021.mrqa-1.12,2.0,6,78
406,443,2408.12568,4,https://arxiv.org/pdf/2408.11546,10.1007/bf00462873,21.0,5,35
26,600,2408.12568,36,https://arxiv.org/pdf/2408.11537,10.1109/icra57147.2024.10611181,18.170289855072465,8,69
576,341,2408.12568,21,https://arxiv.org/pdf/2408.11530,10.2514/6.2023-3250.vid,18.170289855072465,4,61
623,556,2408.12568,22,https://arxiv.org/pdf/2408.11527,10.1109/ssci.2015.93,1.0,11,44
353,675,2408.12568,18,https://arxiv.org/pdf/2408.11523,10.3390/drones7020114,24.0,6,91
366,521,2408.12568,22,https://arxiv.org/pdf/2408.11513,10.1201/9781315140223-17,18.170289855072465,2,78
667,312,2408.12568,22,https://arxiv.org/pdf/2408.11455,10.31979/etd.rmr2-9qcf,18.170289855072465,5,76
381,4,2408.12568,7,https://arxiv.org/pdf/2408.11448,10.1109/cvprw.2009.5206722,1.0,3,47
630,647,2408.12568,22,https://arxiv.org/pdf/2408.11433,10.1109/sp.2015.35,156.0,4,56
179,261,2408.12568,4,https://arxiv.org/pdf/2408.11431,10.1016/j.knosys.2022.109093,5.0,7,101
380,520,2408.12568,36,https://arxiv.org/pdf/2408.11429,10.32657/10356/73653,1.0,10,79
629,465,2408.12568,4,https://arxiv.org/pdf/2408.11415,10.1201/9780429453151-10,18.170289855072465,1,114
550,481,2408.12568,7,https://arxiv.org/pdf/2408.11401,10.1007/978-3-031-63787-2_4,18.170289855072465,3,74
154,169,2408.12568,22,https://arxiv.org/pdf/2408.11384,10.1049/pbpc056e_ch13,18.170289855072465,3,86
542,276,2408.12568,36,https://arxiv.org/pdf/2408.11380,10.1109/fskd.2012.6234224,2.0,6,128
171,157,2408.12568,18,https://arxiv.org/pdf/2408.11372,10.1145/3543507.3583513,14.0,9,108
297,687,2408.12568,22,https://arxiv.org/pdf/2408.11370,10.1007/978-3-319-71069-3_16,5.0,2,77
321,425,2408.12568,22,https://arxiv.org/pdf/2408.11359,10.1109/bigdata55660.2022.10020888,18.170289855072465,3,92
676,424,2408.12568,22,https://arxiv.org/pdf/2408.11351,10.2139/ssrn.4617065,18.170289855072465,4,69
204,222,2408.12568,11,https://arxiv.org/pdf/2408.11341,10.1016/j.artint.2021.103624,5.0,3,74
87,644,2408.12568,4,https://arxiv.org/pdf/2408.11334,10.5860/llm.v33i2.7357,18.170289855072465,9,85
494,423,2408.12568,4,https://arxiv.org/pdf/2408.11327,10.1016/j.neunet.2019.09.029,30.0,4,100
638,584,2408.12568,4,https://arxiv.org/pdf/2408.11319,10.3390/jintelligence12070070,18.170289855072465,5,65
604,534,2408.12568,7,https://arxiv.org/pdf/2408.11312,10.1109/lra.2023.3333742/mm1,18.170289855072465,4,105
349,535,2408.12568,22,https://arxiv.org/pdf/2408.11306,10.14711/thesis-b645029,18.170289855072465,5,76
659,533,2408.12568,7,https://arxiv.org/pdf/2408.11305,10.18653/v1/2022.emnlp-main.716,4.0,4,91
454,114,2408.12568,22,https://arxiv.org/pdf/2408.11300,10.24963/ijcai.2024/473,18.170289855072465,3,90
334,128,2408.12568,33,https://arxiv.org/pdf/2408.11283,10.7717/peerj.2716/supp-1,18.170289855072465,5,45
83,345,2408.12568,7,https://arxiv.org/pdf/2408.11253,10.20944/preprints202405.1234.v1,18.170289855072465,4,104
190,389,2408.12568,22,https://arxiv.org/pdf/2408.11243,10.1007/978-981-16-6054-2_18,7.0,9,63
17,237,2408.12568,22,https://arxiv.org/pdf/2408.11239,10.1126/article.31527,18.170289855072465,4,35
660,313,2408.12568,7,https://arxiv.org/pdf/2408.11234,10.2172/1871470,18.170289855072465,3,150
448,688,2408.12568,17,https://arxiv.org/pdf/2408.11227,10.1201/9781003523314-30,18.170289855072465,9,148
124,376,2408.12568,4,https://arxiv.org/pdf/2408.11219,10.18653/v1/2023.dialdoc-1,18.170289855072465,9,65
520,430,2408.12568,7,https://arxiv.org/pdf/2408.11207,10.1116/5.0086059,3.0,5,102
212,489,2408.12568,23,https://arxiv.org/pdf/2408.11202,10.5220/0012311000003636,18.170289855072465,6,80
206,153,2408.12568,39,https://arxiv.org/pdf/2408.11198,10.54254/2755-2721/73/20240367,18.170289855072465,5,80
531,45,2408.12568,4,https://arxiv.org/pdf/2408.11189,10.4324/9781003001942-12,18.170289855072465,4,19
472,414,2408.12568,36,https://arxiv.org/pdf/2408.11187,10.32469/10355/63580,18.170289855072465,2,89
86,479,2408.12568,26,https://arxiv.org/pdf/2408.11186,10.1109/icra.2011.5979704,48.0,3,65
310,664,2408.12568,9,https://arxiv.org/pdf/2408.11182,10.21203/rs.3.rs-4385503/v1,18.170289855072465,7,112
13,78,2408.12568,22,https://arxiv.org/pdf/2408.11181,10.1137/1.9781611976236.49,5.0,2,94
601,571,2408.12568,22,https://arxiv.org/pdf/2408.11172,10.1016/j.jsc.2004.11.001,2.0,6,60
388,212,2408.12568,22,https://arxiv.org/pdf/2408.11135,10.7717/peerj.16704/supp-5,18.170289855072465,4,74
150,500,2408.12568,22,https://arxiv.org/pdf/2408.11121,10.1109/access.2023.3274199,60.0,3,99
686,362,2408.12568,39,https://arxiv.org/pdf/2408.11081,10.5220/0011996900003470,22.0,3,73
181,388,2408.12568,9,https://arxiv.org/pdf/2408.11071,10.18653/v1/2023.acl-long.646,18.170289855072465,6,123
627,609,2408.12568,29,https://arxiv.org/pdf/2408.11067,10.33612/diss.987610056,18.170289855072465,6,95
609,194,2408.12568,4,https://arxiv.org/pdf/2408.11063,10.18653/v1/2023.findings-emnlp.1020,1.0,8,44
338,147,2408.12568,4,https://arxiv.org/pdf/2408.11062,10.17771/pucrio.acad.66799,18.170289855072465,5,83
199,255,2408.12568,39,https://arxiv.org/pdf/2408.11060,10.31219/osf.io/rwy9d,18.170289855072465,3,103
357,432,2408.12568,39,https://arxiv.org/pdf/2408.11058,10.31274/etd-180810-4399,18.170289855072465,4,39
301,136,2408.12568,0,https://arxiv.org/pdf/2408.11042,10.1002/9781119053996.ch4,1.0,4,79
646,82,2408.12568,0,https://arxiv.org/pdf/2408.11039,10.1201/9781003430452-69,18.170289855072465,10,81
319,385,2408.12568,0,https://arxiv.org/pdf/2408.10970,10.1016/0967-0661(95)90254-6,18.170289855072465,4,91
195,645,2408.12568,0,https://arxiv.org/pdf/2408.10947,10.7717/peerj-cs.1893,18.170289855072465,6,100
364,24,2408.12568,0,https://arxiv.org/pdf/2408.10946,10.1109/iccect60629.2024.10545805,18.170289855072465,11,42
617,365,2408.12568,0,https://arxiv.org/pdf/2408.10932,10.1080/14697688.2022.2062431,2.0,3,63
390,562,2408.12568,0,https://arxiv.org/pdf/2408.10921,10.1109/tiv.2024.3367895/mm1,18.170289855072465,2,80
636,39,2408.12568,0,https://arxiv.org/pdf/2408.10900,10.1016/j.tcs.2024.114705,18.170289855072465,3,63
65,173,2408.12568,0,https://arxiv.org/pdf/2408.10895,10.2991/icmess-18.2018.254,18.170289855072465,5,75
456,314,2408.12568,0,https://arxiv.org/pdf/2408.10889,10.4324/9780203074350-25,18.170289855072465,6,41
147,561,2408.12568,0,https://arxiv.org/pdf/2408.10883,10.1201/9781003409519-1,18.170289855072465,8,73
148,155,2408.12568,0,https://arxiv.org/pdf/2408.10878,10.2514/6.2023-2538.vid,18.170289855072465,6,90
425,172,2408.12568,0,https://arxiv.org/pdf/2408.10865,10.1109/itw.2018.8613513,2.0,5,71
149,615,2408.12568,0,https://arxiv.org/pdf/2408.10841,10.31235/osf.io/sthwk,10.0,5,86
658,280,2408.12568,0,https://arxiv.org/pdf/2408.10788,10.1177/0950422220902978,54.0,3,110
276,72,2408.12568,0,https://arxiv.org/pdf/2408.10774,10.18653/v1/2024.naacl-long.35,18.170289855072465,4,63
270,593,2408.12568,0,https://arxiv.org/pdf/2408.10715,10.31979/etd.taar-3t5j,18.170289855072465,15,131
340,422,2408.12568,0,https://arxiv.org/pdf/2408.10711,10.1349/ddlp.3265,18.170289855072465,4,79
271,576,2408.12568,0,https://arxiv.org/pdf/2408.10691,10.31979/etd.taar-3t5j,18.170289855072465,6,81
291,188,2408.12568,0,https://arxiv.org/pdf/2408.10689,10.1007/978-94-017-9047-5_8,18.170289855072465,11,59
543,235,2408.12568,0,https://arxiv.org/pdf/2408.10683,10.34193/ei-a-5841,18.170289855072465,4,60
414,455,2408.12568,0,https://arxiv.org/pdf/2408.10642,10.2139/ssrn.4916435,18.170289855072465,5,83
598,239,2408.12568,0,https://arxiv.org/pdf/2408.10635,10.1021/acs.jpclett.3c00242.s001,18.170289855072465,8,70
314,296,2408.12568,0,https://arxiv.org/pdf/2408.10592,10.1093/oso/9780195104271.003.0012,1.0,6,70
313,630,2408.12568,0,https://arxiv.org/pdf/2408.10556,10.1109/icra57147.2024.10610308,18.170289855072465,18,95
36,141,2408.12568,0,https://arxiv.org/pdf/2408.10549,10.12681/eadd/57038,18.170289855072465,2,12
71,105,2408.12568,0,https://arxiv.org/pdf/2408.10512,10.5220/0006297603400351,3.0,2,97
514,596,2408.12568,0,https://arxiv.org/pdf/2408.10504,10.1109/tsusc.2023.3251302/mm1,18.170289855072465,10,86
342,613,2408.12568,0,https://arxiv.org/pdf/2408.10492,10.1007/978-981-19-5443-6_36,1.0,8,145
322,263,2408.12568,0,https://arxiv.org/pdf/2408.10455,10.1007/978-1-4614-9414-0_7,1.0,2,102
264,64,2408.12568,0,https://arxiv.org/pdf/2408.10442,10.1109/medcomnet55087.2022.9810394,1.0,6,114
178,323,2408.12568,0,https://arxiv.org/pdf/2408.10417,10.21236/ada327553,5.0,8,88
37,273,2408.12568,0,https://arxiv.org/pdf/2408.10365,10.31235/osf.io/kz2xc,18.170289855072465,12,85
521,318,2408.12568,0,https://arxiv.org/pdf/2408.10362,10.14711/thesis-b1750025,18.170289855072465,4,35
372,361,2408.12568,0,https://arxiv.org/pdf/2408.10343,10.59350/q2pq3-0fv85,18.170289855072465,2,82
11,444,2408.12568,0,https://arxiv.org/pdf/2408.10334,10.21236/ada513904,18.170289855072465,2,143
434,508,2408.12568,7,https://arxiv.org/pdf/2408.11054,10.31274/etd-180810-1389,18.170289855072465,5,96
552,358,2408.12568,39,https://arxiv.org/pdf/2408.11053,10.3403/00133906,18.170289855072465,5,87
44,337,2408.12568,22,https://arxiv.org/pdf/2408.11052,10.1609/aaai.v38i12.29215,18.170289855072465,7,56
257,635,2408.12568,7,https://arxiv.org/pdf/2408.11051,10.1145/3347450.3357659,10.0,4,69
525,588,2408.12568,36,https://arxiv.org/pdf/2408.11048,10.1109/robio55434.2022.10011862,1.0,8,89
539,471,2408.12568,8,https://arxiv.org/pdf/2408.11043,10.31235/osf.io/yms8p,2.0,5,141
76,485,2408.12568,4,https://arxiv.org/pdf/2408.11021,10.1016/s0022-5371(68)80020-9,4.0,4,63
63,346,2408.12568,30,https://arxiv.org/pdf/2408.11019,10.4324/9780203422090-26,18.170289855072465,2,49
429,507,2408.12568,6,https://arxiv.org/pdf/2408.11017,10.1609/aaai.v38i20.30273,18.170289855072465,4,51
170,170,2408.12568,17,https://arxiv.org/pdf/2408.10987,10.1109/ius51837.2023.10306544,2.0,5,75
682,112,2408.12568,22,https://arxiv.org/pdf/2408.10951,10.18178/ijmlc.2018.8.2.683,3.0,5,80
281,542,2408.12568,22,https://arxiv.org/pdf/2408.10948,10.1145/3488560.3498497,13.0,4,76
309,271,2408.12568,7,https://arxiv.org/pdf/2408.10945,10.18653/v1/2024.findings-naacl.58,18.170289855072465,6,141
5,518,2408.12568,7,https://arxiv.org/pdf/2408.10940,10.1109/bigdia60676.2023.10429579,18.170289855072465,7,96
569,294,2408.12568,7,https://arxiv.org/pdf/2408.10934,10.1145/3581783.3611895,1.0,5,87
354,265,2408.12568,4,https://arxiv.org/pdf/2408.10923,10.1016/j.jmva.2021.104756,5.0,6,65
540,417,2408.12568,22,https://arxiv.org/pdf/2408.10920,10.3389/fnins.2017.00693,25.0,4,96
141,683,2408.12568,7,https://arxiv.org/pdf/2408.10919,10.1016/j.eswa.2024.124083,18.170289855072465,7,72
624,236,2408.12568,16,https://arxiv.org/pdf/2408.10905,10.1145/3397482.3453994,3.0,2,112
15,678,2408.12568,7,https://arxiv.org/pdf/2408.10901,10.1109/icpads60453.2023.00183,1.0,10,90
668,355,2408.12568,7,https://arxiv.org/pdf/2408.10872,10.1109/ijcnn.2019.8852257,37.0,8,49
527,74,2408.12568,20,https://arxiv.org/pdf/2408.10871,10.1093/mnras/stae2014,18.170289855072465,4,105
351,163,2408.12568,22,https://arxiv.org/pdf/2408.10858,10.5220/0010785200003116,5.0,5,97
397,684,2408.12568,1,https://arxiv.org/pdf/2408.10854,10.1002/qj.4265,20.0,7,113
191,617,2408.12568,40,https://arxiv.org/pdf/2408.10853,10.21437/interspeech.2022-108,38.0,12,88
306,122,2408.12568,7,https://arxiv.org/pdf/2408.10846,10.1109/tcsvt.2015.2513518,5.0,5,68
174,243,2408.12568,7,https://arxiv.org/pdf/2408.10843,10.2514/6.2021-0811.vid,18.170289855072465,9,88
694,127,2408.12568,7,https://arxiv.org/pdf/2408.10831,10.1109/3dv.2019.00021,16.0,2,72
246,411,2408.12568,4,https://arxiv.org/pdf/2408.10819,10.5220/0012688900003720,18.170289855072465,5,134
96,71,2408.12568,4,https://arxiv.org/pdf/2408.10811,10.1080/10228195.2015.1050058,5.0,8,84
187,599,2408.12568,40,https://arxiv.org/pdf/2408.10807,10.1177/0305735617734629,9.0,11,100
339,196,2408.12568,22,https://arxiv.org/pdf/2408.10802,10.1038/s41467-024-51019-z,18.170289855072465,6,66
347,181,2408.12568,7,https://arxiv.org/pdf/2408.10777,10.37473/dac/10.1007/s11633-022-1365-9,1.0,4,58
573,266,2408.12568,2,https://arxiv.org/pdf/2408.10771,10.1109/icasspw62465.2024.10626687,18.170289855072465,4,96
564,182,2408.12568,7,https://arxiv.org/pdf/2408.10760,10.20944/preprints202405.0389.v1,18.170289855072465,4,88
288,329,2408.12568,22,https://arxiv.org/pdf/2408.10755,10.3233/faia230484,18.170289855072465,4,93
578,91,2408.12568,22,https://arxiv.org/pdf/2408.10752,10.1002/9781119884170.ch16,18.170289855072465,7,59
495,44,2408.12568,12,https://arxiv.org/pdf/2408.10746,10.1145/3673038.3673043,18.170289855072465,6,107
637,186,2408.12568,4,https://arxiv.org/pdf/2408.10729,10.5220/0012349800003654,18.170289855072465,3,69
519,324,2408.12568,35,https://arxiv.org/pdf/2408.10726,10.1016/j.engappai.2022.105116,22.0,5,47
385,233,2408.12568,4,https://arxiv.org/pdf/2408.10722,10.18653/v1/2023.findings-emnlp.833,1.0,4,69
639,190,2408.12568,22,https://arxiv.org/pdf/2408.10720,10.5220/0007780500370049,18.170289855072465,2,77
453,373,2408.12568,22,https://arxiv.org/pdf/2408.10713,10.2514/6.2023-0504.vid,18.170289855072465,2,64
125,380,2408.12568,7,https://arxiv.org/pdf/2408.10710,10.1109/isie.1994.333099,3.0,6,62
672,598,2408.12568,22,https://arxiv.org/pdf/2408.10709,10.1016/s0893608002002356,18.170289855072465,2,73
67,291,2408.12568,22,https://arxiv.org/pdf/2408.10700,10.1007/978-3-642-15928-2_26,3.0,2,44
641,175,2408.12568,4,https://arxiv.org/pdf/2408.10682,10.36227/techrxiv.171863477.74163306/v1,18.170289855072465,6,136
613,275,2408.12568,22,https://arxiv.org/pdf/2408.10669,10.1109/ijcnn.2019.8851851,1.0,3,86
505,161,2408.12568,9,https://arxiv.org/pdf/2408.10668,10.1162/qss_a_00310/v2/response1,18.170289855072465,6,97
207,378,2408.12568,9,https://arxiv.org/pdf/2408.10657,10.1109/icei49372.2020.00024,3.0,7,85
677,148,2408.12568,7,https://arxiv.org/pdf/2408.10652,10.1109/iccv51070.2023.00342,2.0,4,75
335,87,2408.12568,22,https://arxiv.org/pdf/2408.10649,10.1002/rra.2986,5.0,6,41
503,390,2408.12568,22,https://arxiv.org/pdf/2408.10647,10.1109/tpami.2021.3125931,3.0,9,69
94,327,2408.12568,4,https://arxiv.org/pdf/2408.10646,10.21437/interspeech.2021-687,2.0,5,100
22,642,2408.12568,7,https://arxiv.org/pdf/2408.10641,10.21203/rs.3.rs-3353457/v1,18.170289855072465,6,46
359,636,2408.12568,22,https://arxiv.org/pdf/2408.10631,10.1109/icassp48485.2024.10445737,1.0,8,89
269,505,2408.12568,22,https://arxiv.org/pdf/2408.10628,10.1201/9781420036206.ch3,18.170289855072465,3,89
681,608,2408.12568,7,https://arxiv.org/pdf/2408.10624,10.1016/j.neucom.2021.08.053,13.0,5,95
446,17,2408.12568,7,https://arxiv.org/pdf/2408.10619,10.18535/ijetst/v4i8.14,18.170289855072465,3,120
449,252,2408.12568,36,https://arxiv.org/pdf/2408.10618,10.5220/0005509500150023,2.0,7,110
287,624,2408.12568,7,https://arxiv.org/pdf/2408.10614,10.1007/springerreference_70875,18.170289855072465,5,43
507,610,2408.12568,4,https://arxiv.org/pdf/2408.10608,10.1109/iciip61524.2023.10537623,18.170289855072465,14,114
391,573,2408.12568,7,https://arxiv.org/pdf/2408.10605,10.1145/3529446.3529451,18.170289855072465,6,75
427,407,2408.12568,4,https://arxiv.org/pdf/2408.10604,10.6028/nist.sp.500-319.qa-emory,2.0,4,63
392,230,2408.12568,7,https://arxiv.org/pdf/2408.10602,10.2139/ssrn.4891497,18.170289855072465,6,67
103,634,2408.12568,7,https://arxiv.org/pdf/2408.10600,10.1002/essoar.10510685.1,18.170289855072465,4,96
513,248,2408.12568,4,https://arxiv.org/pdf/2408.10573,10.17816/mser65384-55802,18.170289855072465,4,78
31,277,2408.12568,17,https://arxiv.org/pdf/2408.10572,10.1021/acs.analchem.3c01101.s001,18.170289855072465,1,148
509,85,2408.12568,7,https://arxiv.org/pdf/2408.10571,10.1109/satml59370.2024.00028,18.170289855072465,4,72
508,681,2408.12568,30,https://arxiv.org/pdf/2408.10567,10.5220/0011922200003612,18.170289855072465,6,92
593,638,2408.12568,22,https://arxiv.org/pdf/2408.10566,10.29007/g7bg,1.0,5,84
622,40,2408.12568,21,https://arxiv.org/pdf/2408.10563,10.12681/eadd/44199,18.170289855072465,6,61
180,258,2408.12568,7,https://arxiv.org/pdf/2408.10543,10.1109/icip46576.2022.9897788,1.0,3,64
447,338,2408.12568,7,https://arxiv.org/pdf/2408.10532,10.2139/ssrn.4429479,18.170289855072465,2,121
210,224,2408.12568,7,https://arxiv.org/pdf/2408.10527,10.5220/0011673200003417,18.170289855072465,5,49
692,569,2408.12568,4,https://arxiv.org/pdf/2408.10524,10.1109/icassp.2018.8461600,18.170289855072465,4,97
336,519,2408.12568,22,https://arxiv.org/pdf/2408.10517,10.1057/9781137017789.0011,18.170289855072465,1,94
152,673,2408.12568,4,https://arxiv.org/pdf/2408.10516,10.1007/978-1-4614-4803-7_4,4.0,2,114
589,185,2408.12568,22,https://arxiv.org/pdf/2408.10511,10.1101/2022.12.14.520366,1.0,6,69
50,490,2408.12568,7,https://arxiv.org/pdf/2408.10503,10.1109/iccv51070.2023.00565,1.0,3,103
506,200,2408.12568,16,https://arxiv.org/pdf/2408.10499,10.1109/vl.1994.363629,4.0,4,88
515,592,2408.12568,4,https://arxiv.org/pdf/2408.10497,10.25236/ajcis.2020.030103,18.170289855072465,5,83
316,216,2408.12568,39,https://arxiv.org/pdf/2408.10495,10.1097/00152193-199809000-00024,6.0,6,76
45,429,2408.12568,22,https://arxiv.org/pdf/2408.10491,10.1109/csfw.1989.40594,4.0,3,69
241,539,2408.12568,7,https://arxiv.org/pdf/2408.10488,10.1109/icaica54878.2022.9844468,3.0,7,101
398,537,2408.12568,7,https://arxiv.org/pdf/2408.10487,10.1201/9781003456322-10,18.170289855072465,7,75
239,33,2408.12568,29,https://arxiv.org/pdf/2408.10482,10.1109/cec60901.2024.10611839,18.170289855072465,4,105
61,559,2408.12568,22,https://arxiv.org/pdf/2408.10479,10.1287/inte.2020.1047,75.0,7,100
367,567,2408.12568,39,https://arxiv.org/pdf/2408.10474,10.21275/sr24427043741,18.170289855072465,7,61
526,451,2408.12568,36,https://arxiv.org/pdf/2408.10450,10.32614/cran.package.stuart,18.170289855072465,3,40
615,368,2408.12568,7,https://arxiv.org/pdf/2408.10446,10.1109/iccima.2007.157,4.0,10,125
655,326,2408.12568,22,https://arxiv.org/pdf/2408.10437,10.1787/bf3c0c60-en,2.0,5,57
73,620,2408.12568,15,https://arxiv.org/pdf/2408.10428,10.5040/9780571335558.10000007,18.170289855072465,3,43
632,21,2408.12568,7,https://arxiv.org/pdf/2408.10414,10.5220/0007715503810390,4.0,4,94
684,513,2408.12568,7,https://arxiv.org/pdf/2408.10397,10.1109/itsc.2018.8569279,6.0,4,62
236,279,2408.12568,7,https://arxiv.org/pdf/2408.10395,10.1016/j.neunet.2021.03.019,44.0,5,63
345,348,2408.12568,18,https://arxiv.org/pdf/2408.10394,10.1145/3240323.3241732,18.170289855072465,3,92
104,657,2408.12568,40,https://arxiv.org/pdf/2408.10383,10.1109/lra.2023.3272518/mm1,18.170289855072465,2,83
218,543,2408.12568,23,https://arxiv.org/pdf/2408.10381,10.1609/icaps.v32i1.19844,2.0,2,65
102,306,2408.12568,42,https://arxiv.org/pdf/2408.10369,10.1109/lics.1995.523275,11.0,2,32
305,480,2408.12568,7,https://arxiv.org/pdf/2408.10360,10.2307/j.ctv1wmz3m6.13,18.170289855072465,3,62
620,478,2408.12568,38,https://arxiv.org/pdf/2408.10351,10.14711/thesis-991012873360703412,18.170289855072465,3,98
160,462,2408.12568,22,https://arxiv.org/pdf/2408.10328,10.1109/phm2022-london52454.2022.00060,3.0,3,77
376,570,2408.12568,22,https://arxiv.org/pdf/2408.10292,10.1016/j.inffus.2023.101920,3.0,1,73
538,612,2408.12568,31,https://arxiv.org/pdf/2408.10287,10.1364/ao.531306,18.170289855072465,6,81
283,536,2408.12568,22,https://arxiv.org/pdf/2408.10286,10.2139/ssrn.4801437,18.170289855072465,8,85
90,591,2408.12568,22,https://arxiv.org/pdf/2408.10285,10.26434/chemrxiv-2024-1p4xt,18.170289855072465,7,67
254,541,2408.12568,22,https://arxiv.org/pdf/2408.10276,10.24963/ijcai.2024/980,18.170289855072465,5,77
265,226,2408.12568,22,https://arxiv.org/pdf/2408.10275,10.31390/gradschool_theses.4443,18.170289855072465,3,93
570,311,2408.12568,22,https://arxiv.org/pdf/2408.10270,10.18653/v1/2022.emnlp-demos.36,3.0,4,51
468,676,2408.12568,22,https://arxiv.org/pdf/2408.10269,10.21203/rs.3.rs-2211583/v1,18.170289855072465,6,71
534,135,2408.12568,39,https://arxiv.org/pdf/2408.10268,10.31979/etd.taar-3t5j,18.170289855072465,3,62
185,504,2408.12568,22,https://arxiv.org/pdf/2408.10266,10.3390/info13010013,8.0,3,60
450,69,2408.12568,22,https://arxiv.org/pdf/2408.10264,10.2139/ssrn.4349051,1.0,5,95
544,322,2408.12568,22,https://arxiv.org/pdf/2408.10261,10.7287/peerj-cs.1073v0.1/reviews/2,18.170289855072465,4,64
470,133,2408.12568,7,https://arxiv.org/pdf/2408.10260,10.1093/gmo/9781561592630.article.23413,18.170289855072465,4,65
137,36,2408.12568,22,https://arxiv.org/pdf/2408.10259,10.2139/ssrn.4733296,18.170289855072465,4,82
363,210,2408.12568,41,https://arxiv.org/pdf/2408.10255,10.1007/978-3-322-85237-3_37,18.170289855072465,2,22
89,344,2408.12568,39,https://arxiv.org/pdf/2408.10252,10.1109/mc.2024.3405708,18.170289855072465,1,65
610,14,2408.12568,7,https://arxiv.org/pdf/2408.10248,10.1016/j.knosys.2023.110515,11.0,2,135
410,214,2408.12568,3,https://arxiv.org/pdf/2408.10247,10.3390/s22093320,18.170289855072465,5,63
678,14,2408.12568,7,https://arxiv.org/pdf/2408.10246,10.1109/icpr.2010.1005,15.0,2,109
643,88,2408.12568,15,https://arxiv.org/pdf/2408.10243,10.1109/icpads.2017.00034,13.0,3,133
59,439,2408.12568,16,https://arxiv.org/pdf/2408.10240,10.36227/techrxiv.20405838.v1,18.170289855072465,5,93
7,359,2408.12568,8,https://arxiv.org/pdf/2408.10239,10.4018/9781615208739.ch015,18.170289855072465,3,73
14,207,2408.12568,15,https://arxiv.org/pdf/2408.10230,10.2172/6305994,18.170289855072465,5,50
436,674,2408.12568,7,https://arxiv.org/pdf/2408.10161,10.2514/6.2023-0656.vid,18.170289855072465,4,67
438,167,2408.12568,43,https://arxiv.org/pdf/2408.09781,10.1109/ijcnn.2008.4634115,1.0,3,99
368,130,2408.12568,0,https://arxiv.org/pdf/2408.10126,10.2139/ssrn.4850544,18.170289855072465,8,64
294,553,2408.12568,0,https://arxiv.org/pdf/2408.10120,10.1021/acs.jcim.5b00654.s007,18.170289855072465,8,73
229,256,2408.12568,0,https://arxiv.org/pdf/2408.10113,10.1021/acsomega.9b01480.s001,18.170289855072465,3,54
477,616,2408.12568,0,https://arxiv.org/pdf/2408.10111,10.18632/oncoscience.571,119.0,6,98
40,546,2408.12568,0,https://arxiv.org/pdf/2408.10086,10.3390/s24155006,18.170289855072465,7,52
619,347,2408.12568,0,https://arxiv.org/pdf/2408.10040,10.1299/jsmelem.2005.2.427,1.0,1,128
389,412,2408.12568,0,https://arxiv.org/pdf/2408.10039,10.1021/acsinfecdis.2c00475.s001,18.170289855072465,7,67
176,441,2408.12568,0,https://arxiv.org/pdf/2408.10015,10.1109/cdc51059.2022.9992419,18.170289855072465,4,87
642,50,2408.12568,0,https://arxiv.org/pdf/2408.10003,10.1016/0166-218x(83)90089-6,18.170289855072465,11,74
136,270,2408.12568,0,https://arxiv.org/pdf/2408.09957,10.32614/cran.package.ciu,18.170289855072465,1,99
502,618,2408.12568,0,https://arxiv.org/pdf/2408.09951,10.1109/jlt.2021.3139377,17.0,8,75
268,619,2408.12568,0,https://arxiv.org/pdf/2408.09947,10.1109/jlt.2021.3139377,17.0,7,83
412,60,2408.12568,0,https://arxiv.org/pdf/2408.09946,10.1007/978-3-031-23161-2_301099,18.170289855072465,3,61
355,525,2408.12568,0,https://arxiv.org/pdf/2408.09899,10.1109/ivcnz61134.2023.10344195,18.170289855072465,3,91
651,512,2408.12568,0,https://arxiv.org/pdf/2408.09881,10.18653/v1/2023.bigpicture-1.10,1.0,8,100
168,95,2408.12568,0,https://arxiv.org/pdf/2408.09841,10.59646/efaimltc12/133,18.170289855072465,6,79
413,456,2408.12568,0,https://arxiv.org/pdf/2408.09834,10.21125/inted.2019.0280,2.0,6,56
608,65,2408.12568,0,https://arxiv.org/pdf/2408.09825,10.53846/goediss-2596,18.170289855072465,4,112
691,652,2408.12568,0,https://arxiv.org/pdf/2408.09807,10.2514/6.2021-0175.vid,18.170289855072465,5,56
79,53,2408.12568,0,https://arxiv.org/pdf/2408.09794,10.1093/database/baae067,18.170289855072465,4,60
295,31,2408.12568,0,https://arxiv.org/pdf/2408.09785,10.5220/0012862300003753,18.170289855072465,6,110
395,393,2408.12568,0,https://arxiv.org/pdf/2408.09768,10.2139/ssrn.4549594,18.170289855072465,5,92
304,658,2408.12568,0,https://arxiv.org/pdf/2408.09715,10.1016/j.mehy.2024.111465,18.170289855072465,5,72
484,192,2408.12568,0,https://arxiv.org/pdf/2408.09703,10.2174/9781681085289117020009,2.0,5,42
588,582,2408.12568,0,https://arxiv.org/pdf/2408.09682,10.21203/rs.3.rs-3225810/v1,18.170289855072465,3,55
420,413,2408.12568,0,https://arxiv.org/pdf/2408.09675,10.1109/ijcnn48605.2020.9207663,63.0,10,67
6,396,2408.12568,0,https://arxiv.org/pdf/2408.09656,10.7717/peerj-cs.2120/fig-3,18.170289855072465,1,92
459,405,2408.12568,0,https://arxiv.org/pdf/2408.09626,10.1142/9789814401531_0040,18.170289855072465,4,77
77,649,2408.12568,0,https://arxiv.org/pdf/2408.09624,10.1007/bf02319311,28.0,3,36
193,99,2408.12568,0,https://arxiv.org/pdf/2408.09605,10.1016/j.bandl.2023.105322,2.0,1,83
66,493,2408.12568,0,https://arxiv.org/pdf/2408.09600,10.31979/etd.wgkk-f7cb,18.170289855072465,5,97
418,626,2408.12568,0,https://arxiv.org/pdf/2408.09594,10.1109/cog51982.2022.9893615,2.0,7,78
606,498,2408.12568,0,https://arxiv.org/pdf/2408.09588,10.1109/itsc57777.2023.10422667,18.170289855072465,8,87
475,102,2408.12568,0,https://arxiv.org/pdf/2408.09530,10.1016/j.cviu.2015.09.013,256.0,7,83
38,286,2408.12568,0,https://arxiv.org/pdf/2408.09527,10.1201/b16098-8,18.170289855072465,6,97
0,550,2408.12568,0,https://arxiv.org/pdf/2408.09410,10.17771/pucrio.acad.49414,18.170289855072465,6,82
452,205,2408.12568,0,https://arxiv.org/pdf/2408.09403,10.2139/ssrn.4706195,18.170289855072465,5,85
285,208,2408.12568,0,https://arxiv.org/pdf/2408.09386,10.1109/hora61326.2024.10550450,18.170289855072465,3,41
205,220,2408.12568,0,https://arxiv.org/pdf/2408.09380,10.1007/s11042-018-6108-0,1.0,8,71
130,131,2408.12568,0,https://arxiv.org/pdf/2408.09365,10.7591/9780801464119-008,18.170289855072465,8,84
586,665,2408.12568,0,https://arxiv.org/pdf/2408.09230,10.1145/3394486.3403183,23.0,4,100
255,218,2408.12568,0,https://arxiv.org/pdf/2408.09227,10.5220/0011687800003393,18.170289855072465,5,92
441,108,2408.12568,0,https://arxiv.org/pdf/2408.09224,10.1109/tai.2024.3444746,18.170289855072465,2,43
394,268,2408.12568,0,https://arxiv.org/pdf/2408.09196,10.1109/seaa56994.2022.00018,3.0,2,64
34,100,2408.12568,0,https://arxiv.org/pdf/2408.09193,10.1109/aiiot61789.2024.10579006,18.170289855072465,3,58
128,469,2408.12568,0,https://arxiv.org/pdf/2408.09176,10.4324/9780203444399-7,18.170289855072465,5,119
650,180,2408.12568,0,https://arxiv.org/pdf/2408.09172,10.7717/peerj-cs.377/fig-1,18.170289855072465,5,89
402,193,2408.12568,0,https://arxiv.org/pdf/2408.09111,10.21437/interspeech.2009-616,11.0,2,48
612,292,2408.12568,0,https://arxiv.org/pdf/2408.09108,10.1016/j.neunet.2012.02.034,18.0,6,102
547,440,2408.12568,0,https://arxiv.org/pdf/2408.09094,10.56726/irjmets33981,18.170289855072465,3,77
350,499,2408.12568,0,https://arxiv.org/pdf/2408.09046,10.17771/pucrio.acad.36749,18.170289855072465,2,50
458,491,2408.12568,0,https://arxiv.org/pdf/2408.09028,10.1109/spdp.1993.395520,1.0,2,83
461,140,2408.12568,0,https://arxiv.org/pdf/2408.08995,10.1007/s11023-020-09539-2,185.0,4,78
74,394,2408.12568,0,https://arxiv.org/pdf/2408.08989,10.1109/ijcnn.2019.8852078,18.170289855072465,4,98
41,104,2408.12568,0,https://arxiv.org/pdf/2408.08972,10.5204/thesis.eprints.209570,18.170289855072465,9,64
182,149,2408.12568,0,https://arxiv.org/pdf/2408.08969,10.1117/12.2046650,3.0,5,29
49,231,2408.12568,0,https://arxiv.org/pdf/2408.08959,10.55662/jst.2023.4605,18.170289855072465,3,88
328,138,2408.12568,0,https://arxiv.org/pdf/2408.08928,10.1016/j.ins.2011.02.010,44.0,2,54
674,73,2408.12568,0,https://arxiv.org/pdf/2408.08927,10.1007/978-3-319-90800-7_3,18.170289855072465,3,131
299,52,2408.12568,0,https://arxiv.org/pdf/2408.08921,10.2139/ssrn.4895062,18.170289855072465,8,46
145,144,2408.12568,0,https://arxiv.org/pdf/2408.08916,10.1109/ictai.2010.37,18.0,4,87
348,685,2408.12568,22,https://arxiv.org/pdf/2408.10205,10.2139/ssrn.4835325,18.170289855072465,5,48
169,395,2408.12568,12,https://arxiv.org/pdf/2408.10197,10.1016/b978-075067445-4/50010-9,18.170289855072465,8,81
592,66,2408.12568,7,https://arxiv.org/pdf/2408.10195,10.32657/10356/46850,18.170289855072465,7,74
645,38,2408.12568,22,https://arxiv.org/pdf/2408.10189,10.3390/electronics12041022,2.0,5,75
325,400,2408.12568,7,https://arxiv.org/pdf/2408.10181,10.21203/rs.3.rs-4699134/v1,18.170289855072465,6,91
437,590,2408.12568,7,https://arxiv.org/pdf/2408.10178,10.14711/thesis-991012730463003412,18.170289855072465,6,79
262,397,2408.12568,7,https://arxiv.org/pdf/2408.10175,10.1109/afgr.2008.4813464,18.0,3,99
572,20,2408.12568,22,https://arxiv.org/pdf/2408.10174,10.18653/v1/2023.findings-acl.5,18.170289855072465,8,99
143,548,2408.12568,18,https://arxiv.org/pdf/2408.10159,10.1145/3583780.3614925,18.170289855072465,7,81
554,607,2408.12568,4,https://arxiv.org/pdf/2408.10130,10.2307/jj.14203785.7,18.170289855072465,7,48
56,310,2408.12568,40,https://arxiv.org/pdf/2408.10128,10.14711/thesis-991013106358603412,18.170289855072465,5,91
417,497,2408.12568,22,https://arxiv.org/pdf/2408.10124,10.1109/iset58841.2023.00044,18.170289855072465,5,107
260,486,2408.12568,7,https://arxiv.org/pdf/2408.10119,10.1109/iscas45731.2020.9181013/video,18.170289855072465,6,93
231,124,2408.12568,16,https://arxiv.org/pdf/2408.10108,10.2307/j.ctv6cfptd.10,18.170289855072465,3,75
489,166,2408.12568,22,https://arxiv.org/pdf/2408.10107,10.1109/access.2024.3415756,18.170289855072465,5,105
138,662,2408.12568,40,https://arxiv.org/pdf/2408.10096,10.21437/interspeech.2022-10664,5.0,4,71
443,459,2408.12568,44,https://arxiv.org/pdf/2408.10077,10.1093/oso/9780195380194.003.0012,18.170289855072465,2,52
488,472,2408.12568,22,https://arxiv.org/pdf/2408.10075,10.2514/6.2024-1380,1.0,5,93
607,349,2408.12568,6,https://arxiv.org/pdf/2408.10074,10.1016/j.neucom.2023.126974,2.0,2,78
256,654,2408.12568,7,https://arxiv.org/pdf/2408.10072,10.31219/osf.io/94fmq,18.170289855072465,5,98
258,249,2408.12568,7,https://arxiv.org/pdf/2408.10060,10.1111/jocd.13327,5.0,3,105
209,217,2408.12568,36,https://arxiv.org/pdf/2408.09972,10.14418/wes01.1.114,18.170289855072465,5,90
665,16,2408.12568,22,https://arxiv.org/pdf/2408.09967,10.1142/9789811216572_0011,18.170289855072465,2,126
47,171,2408.12568,22,https://arxiv.org/pdf/2408.09958,10.5204/thesis.eprints.250842,18.170289855072465,1,102
683,189,2408.12568,7,https://arxiv.org/pdf/2408.09952,10.1109/icra57147.2024.10611058,18.170289855072465,3,100
113,98,2408.12568,7,https://arxiv.org/pdf/2408.09948,10.1109/iccv51070.2023.00200,6.0,7,102
93,15,2408.12568,4,https://arxiv.org/pdf/2408.09945,10.56395/ijceti.v2i2.37,18.170289855072465,8,101
574,643,2408.12568,40,https://arxiv.org/pdf/2408.09933,10.21437/asvspoof.2021-11,11.0,5,56
501,77,2408.12568,17,https://arxiv.org/pdf/2408.09894,10.1016/j.jse.2011.01.039,165.0,5,138
442,463,2408.12568,22,https://arxiv.org/pdf/2408.09873,10.21454/rjaic.7518/232.psi,18.170289855072465,12,74
1,583,2408.12568,7,https://arxiv.org/pdf/2408.09860,10.1016/j.ecoinf.2022.101794,3.0,6,64
611,495,2408.12568,4,https://arxiv.org/pdf/2408.09856,10.1787/888934149227,18.170289855072465,12,80
582,528,2408.12568,4,https://arxiv.org/pdf/2408.09853,10.1162/neco_a_01563,50.0,3,51
327,83,2408.12568,4,https://arxiv.org/pdf/2408.09849,10.3758/s13428-024-02337-z,2.0,5,64
580,246,2408.12568,7,https://arxiv.org/pdf/2408.09839,10.1109/icdsca59871.2023.10393594,18.170289855072465,6,74
108,293,2408.12568,4,https://arxiv.org/pdf/2408.09819,10.36227/techrxiv.171077989.99407624/v1,18.170289855072465,12,74
135,305,2408.12568,18,https://arxiv.org/pdf/2408.09817,10.1145/3308558.3313447,44.0,4,91
510,399,2408.12568,13,https://arxiv.org/pdf/2408.09767,10.18632/oncoscience.571,119.0,3,107
240,538,2408.12568,7,https://arxiv.org/pdf/2408.09764,10.1109/cbmi.2019.8877429,3.0,6,95
551,67,2408.12568,18,https://arxiv.org/pdf/2408.09748,10.1145/3460231.3478848,14.0,7,75
222,283,2408.12568,7,https://arxiv.org/pdf/2408.09746,10.11594/nstp.2022.2432,1.0,5,138
522,540,2408.12568,7,https://arxiv.org/pdf/2408.09743,10.35845/abms.2024.1.349,18.170289855072465,6,99
480,464,2408.12568,4,https://arxiv.org/pdf/2408.09742,10.4324/9781351217224-1,18.170289855072465,2,78
431,585,2408.12568,7,https://arxiv.org/pdf/2408.09734,10.2139/ssrn.4909448,18.170289855072465,4,60
486,213,2408.12568,7,https://arxiv.org/pdf/2408.09720,10.1109/tcsvt.2023.3306160/mm2,18.170289855072465,5,104
491,416,2408.12568,7,https://arxiv.org/pdf/2408.09702,10.1109/grc.2009.5255155,1.0,7,71
307,646,2408.12568,18,https://arxiv.org/pdf/2408.09698,10.32388/xmd2cr,18.170289855072465,9,84
377,606,2408.12568,22,https://arxiv.org/pdf/2408.09695,10.1007/springerreference_61665,18.170289855072465,8,106
399,209,2408.12568,7,https://arxiv.org/pdf/2408.09680,10.2514/6.2023-1273.vid,18.170289855072465,4,61
155,669,2408.12568,18,https://arxiv.org/pdf/2408.09651,10.18297/etd/3821,18.170289855072465,6,80
251,119,2408.12568,7,https://arxiv.org/pdf/2408.09650,10.1109/iwssip.2017.7965576,18.170289855072465,4,88
164,121,2408.12568,37,https://arxiv.org/pdf/2408.09649,10.1021/acsami.4c03675.s001,18.170289855072465,4,96
159,670,2408.12568,18,https://arxiv.org/pdf/2408.09646,10.1145/3383313.3412252,42.0,6,94
249,120,2408.12568,37,https://arxiv.org/pdf/2408.09644,10.1109/catcon56237.2022.10077681,1.0,4,85
317,640,2408.12568,4,https://arxiv.org/pdf/2408.09639,10.3765/plsa.v8i1.5525,18.170289855072465,7,79
409,35,2408.12568,22,https://arxiv.org/pdf/2408.09635,10.1016/j.measen.2023.100902,18.170289855072465,4,86
575,320,2408.12568,22,https://arxiv.org/pdf/2408.09570,10.23943/princeton/9780691172637.003.0004,18.170289855072465,7,47
407,331,2408.12568,39,https://arxiv.org/pdf/2408.09568,10.1109/aswec.2004.1290475,2.0,4,109
296,473,2408.12568,4,https://arxiv.org/pdf/2408.09565,10.4324/9780203122761-23,2.0,3,59
308,335,2408.12568,4,https://arxiv.org/pdf/2408.09559,10.1017/9781108955638.035,2.0,6,110
53,488,2408.12568,22,https://arxiv.org/pdf/2408.09556,10.1609/aaaiss.v3i1.31214,18.170289855072465,4,108
666,317,2408.12568,4,https://arxiv.org/pdf/2408.09540,10.4324/9781003397618-9,18.170289855072465,1,66
553,560,2408.12568,4,https://arxiv.org/pdf/2408.09529,10.31274/td-20240617-113,18.170289855072465,7,124
32,628,2408.12568,22,https://arxiv.org/pdf/2408.09523,10.1142/7805,33.0,1,84
18,299,2408.12568,21,https://arxiv.org/pdf/2408.09516,10.5772/6593,3.0,4,65
474,206,2408.12568,4,https://arxiv.org/pdf/2408.09503,10.3390/e23070857,2.0,3,98
99,672,2408.12568,26,https://arxiv.org/pdf/2408.09501,10.22215/etd/2023-15720,18.170289855072465,11,115
374,228,2408.12568,22,https://arxiv.org/pdf/2408.09490,10.21437/interspeech.2011-407,4.0,6,83
524,398,2408.12568,4,https://arxiv.org/pdf/2408.09489,10.4018/ijcallt.2019010101,4.0,6,75
481,334,2408.12568,4,https://arxiv.org/pdf/2408.09481,10.1109/ccdc58219.2023.10326793,18.170289855072465,9,112
404,496,2408.12568,7,https://arxiv.org/pdf/2408.09465,10.1145/3581783.3611712,3.0,6,80
333,370,2408.12568,15,https://arxiv.org/pdf/2408.09456,10.1016/j.sysarc.2010.09.005,62.0,6,59
302,340,2408.12568,22,https://arxiv.org/pdf/2408.09451,10.11606/d.45.2023.tde-18092023-103415,18.170289855072465,4,64
483,367,2408.12568,10,https://arxiv.org/pdf/2408.09442,10.1145/3618260.3649744,18.170289855072465,3,30
633,650,2408.12568,18,https://arxiv.org/pdf/2408.09439,10.32473/flairs.37.1.135477,18.170289855072465,8,103
228,391,2408.12568,27,https://arxiv.org/pdf/2408.09438,10.21437/interspeech.2020-2067,20.0,5,89
318,352,2408.12568,4,https://arxiv.org/pdf/2408.09434,10.1101/2022.04.20.22274096,18.170289855072465,2,82
167,57,2408.12568,17,https://arxiv.org/pdf/2408.09432,10.1109/icip42928.2021.9506172,5.0,10,85
253,467,2408.12568,4,https://arxiv.org/pdf/2408.09430,10.21437/interspeech.2023-170,18.170289855072465,4,53
24,309,2408.12568,7,https://arxiv.org/pdf/2408.09426,10.1007/978-3-319-90775-8_11,1.0,6,71
188,369,2408.12568,4,https://arxiv.org/pdf/2408.09422,10.2139/ssrn.4341600,18.170289855072465,8,81
116,179,2408.12568,4,https://arxiv.org/pdf/2408.09416,10.1145/3644116.3644226,18.170289855072465,1,65
129,383,2408.12568,4,https://arxiv.org/pdf/2408.09404,10.21437/interspeech.2008-533,18.170289855072465,2,140
267,554,2408.12568,22,https://arxiv.org/pdf/2408.09393,10.1016/b978-0-44-319037-7.00018-1,18.170289855072465,5,55
455,457,2408.12568,4,https://arxiv.org/pdf/2408.09385,10.1136/sbmj.e5419,18.170289855072465,5,59
670,289,2408.12568,16,https://arxiv.org/pdf/2408.09382,10.1007/978-3-031-46238-2_20,18.170289855072465,5,63
175,482,2408.12568,7,https://arxiv.org/pdf/2408.09371,10.5220/0012816300003885,18.170289855072465,2,105
482,28,2408.12568,7,https://arxiv.org/pdf/2408.09358,10.1038/s41598-023-35805-1,3.0,4,72
408,572,2408.12568,14,https://arxiv.org/pdf/2408.09357,10.1109/access.2024.3390182/mm1,18.170289855072465,8,116
201,215,2408.12568,22,https://arxiv.org/pdf/2408.09350,10.2139/ssrn.4806929,18.170289855072465,4,43
117,278,2408.12568,4,https://arxiv.org/pdf/2408.09326,10.36227/techrxiv.170975411.12532297/v1,18.170289855072465,5,79
369,113,2408.12568,22,https://arxiv.org/pdf/2408.09312,10.1109/jsait.2023.3328651/mm1,18.170289855072465,4,93
4,509,2408.12568,22,https://arxiv.org/pdf/2408.09307,10.1109/wsc.2007.4419796,10.0,4,142
237,257,2408.12568,16,https://arxiv.org/pdf/2408.09285,10.1201/9781003261230-13,18.170289855072465,4,112
479,566,2408.12568,22,https://arxiv.org/pdf/2408.09262,10.1016/s0893-6080(00)00047-2,78.0,4,71
669,253,2408.12568,36,https://arxiv.org/pdf/2408.09251,10.1049/ic.2015.0060,2.0,9,91
635,578,2408.12568,18,https://arxiv.org/pdf/2408.09239,10.1109/tkde.2024.3425891,18.170289855072465,6,78
320,11,2408.12568,18,https://arxiv.org/pdf/2408.09236,10.1007/978-3-540-68234-9_41,59.0,6,61
541,454,2408.12568,4,https://arxiv.org/pdf/2408.09235,10.1111/jaac.12003,6.0,2,82
275,250,2408.12568,7,https://arxiv.org/pdf/2408.09220,10.1145/3511176.3511182,18.170289855072465,6,65
460,132,2408.12568,22,https://arxiv.org/pdf/2408.09210,10.1109/ijcnn.2006.1716772,18.170289855072465,3,99
72,179,2408.12568,4,https://arxiv.org/pdf/2408.09205,10.5220/0006306102420249,1.0,1,70
562,227,2408.12568,22,https://arxiv.org/pdf/2408.09189,10.1145/3581783.3612264,3.0,5,57
203,392,2408.12568,16,https://arxiv.org/pdf/2408.09186,10.1109/mlsp.2018.8517037,31.0,4,89
119,221,2408.12568,4,https://arxiv.org/pdf/2408.09177,10.1016/j.patcog.2024.110399,2.0,3,79
530,197,2408.12568,18,https://arxiv.org/pdf/2408.09168,10.7717/peerjcs.1804/fig-3,18.170289855072465,3,81
378,563,2408.12568,22,https://arxiv.org/pdf/2408.09158,10.1109/iscas45731.2020.9181234/video,18.170289855072465,1,58
127,555,2408.12568,4,https://arxiv.org/pdf/2408.09150,10.21428/e2759450.2bb20e3c,18.170289855072465,8,62
370,442,2408.12568,22,https://arxiv.org/pdf/2408.09140,10.1109/mlsp.2018.8516928,18.170289855072465,4,48
671,475,2408.12568,22,https://arxiv.org/pdf/2408.09135,10.1007/3-540-45656-2_10,18.170289855072465,4,51
95,268,2408.12568,39,https://arxiv.org/pdf/2408.09134,10.7717/peerj-cs.398/table-18,18.170289855072465,2,68
323,269,2408.12568,39,https://arxiv.org/pdf/2408.09128,10.1007/s11219-024-09688-y,18.170289855072465,4,80
400,406,2408.12568,22,https://arxiv.org/pdf/2408.09125,10.1016/b978-1-4832-0107-8.50009-3,18.170289855072465,4,93
581,614,2408.12568,22,https://arxiv.org/pdf/2408.09121,10.54254/2755-2721/73/20240367,18.170289855072465,2,46
279,282,2408.12568,3,https://arxiv.org/pdf/2408.09106,10.1021/acs.jpca.6b09743.s001,18.170289855072465,5,38
172,524,2408.12568,7,https://arxiv.org/pdf/2408.09097,10.32920/ryerson.14644374,18.170289855072465,5,62
379,450,2408.12568,7,https://arxiv.org/pdf/2408.09065,10.1109/iccv.2013.35,138.0,3,121
371,517,2408.12568,22,https://arxiv.org/pdf/2408.09053,10.7764/tesisuc/ing/63319,18.170289855072465,3,92
362,58,2408.12568,4,https://arxiv.org/pdf/2408.09049,10.1101/2023.12.13.571462,7.0,3,72
695,177,2408.12568,34,https://arxiv.org/pdf/2408.09048,10.18699/wibsb-2018-03,18.170289855072465,4,77
330,195,2408.12568,22,https://arxiv.org/pdf/2408.09043,10.1109/bibm58861.2023.10385827,18.170289855072465,4,127
213,259,2408.12568,40,https://arxiv.org/pdf/2408.09027,10.2514/1.c037477,18.170289855072465,8,65
121,34,2408.12568,22,https://arxiv.org/pdf/2408.09000,10.2514/6.2022-1771.vid,18.170289855072465,2,49
52,247,2408.12568,25,https://arxiv.org/pdf/2408.08990,10.2514/6.2022-1439.vid,18.170289855072465,3,53
465,89,2408.12568,28,https://arxiv.org/pdf/2408.08968,10.1109/icess.2019.8782461,18.170289855072465,3,75
12,330,2408.12568,9,https://arxiv.org/pdf/2408.08934,10.1109/ccta41146.2020.9206360,2.0,3,97
556,333,2408.12568,18,https://arxiv.org/pdf/2408.08933,10.1109/sisap.2009.33,2.0,5,100
487,671,2408.12568,18,https://arxiv.org/pdf/2408.08931,10.1109/ijcnn52387.2021.9533358,9.0,5,82
158,565,2408.12568,9,https://arxiv.org/pdf/2408.08930,10.2139/ssrn.4765591,18.170289855072465,5,109
144,18,2408.12568,9,https://arxiv.org/pdf/2408.08926,10.36227/techrxiv.17129780.v1,18.170289855072465,27,90
549,59,2408.12568,18,https://arxiv.org/pdf/2408.08925,10.59350/q2pq3-0fv85,18.170289855072465,2,99
500,219,2408.12568,9,https://arxiv.org/pdf/2408.08924,10.21203/rs.3.rs-4385503/v1,18.170289855072465,4,95
603,492,2408.12568,9,https://arxiv.org/pdf/2408.08918,10.1007/978-3-030-32583-1_4,1.0,3,73
28,655,2408.12568,9,https://arxiv.org/pdf/2408.08915,10.23977/ferm.2023.061114,18.170289855072465,1,85
689,474,2408.12568,32,https://arxiv.org/pdf/2408.08910,10.2139/ssrn.4480024,18.170289855072465,1,86
60,666,2408.12568,9,https://arxiv.org/pdf/2408.08909,10.1109/iccc59590.2023.10507299,18.170289855072465,4,67
687,25,2408.12568,18,https://arxiv.org/pdf/2408.08907,10.32657/10356/147791,18.170289855072465,4,108
105,187,2408.12568,18,https://arxiv.org/pdf/2408.08906,10.1145/3637067,18.170289855072465,7,76
78,70,2408.12568,9,https://arxiv.org/pdf/2408.08902,10.12783/dtcse/cmee2017/20071,1.0,6,75
352,408,2408.12568,9,https://arxiv.org/pdf/2408.08899,10.1287/educ.2017.0166,9.0,1,104
226,597,2408.12568,18,https://arxiv.org/pdf/2408.08894,10.1093/oso/9780190664350.003.0005,18.170289855072465,3,101
648,552,2408.12568,17,https://arxiv.org/pdf/2408.08881,10.1117/12.3038517,18.170289855072465,6,65
571,401,2408.12568,7,https://arxiv.org/pdf/2408.08879,10.2139/ssrn.4618385,18.170289855072465,7,92
132,404,2408.12568,22,https://arxiv.org/pdf/2405.18753,10.35516/jjba.v18i3.196,1.0,3,86
356,663,2408.12568,4,https://arxiv.org/pdf/2404.18243,10.1007/978-3-642-01250-1_12,1.0,10,41
292,625,2408.12568,0,https://arxiv.org/pdf/2408.08852,10.3390/w16101376,2.0,4,80
238,46,2408.12568,0,https://arxiv.org/pdf/2408.08781,10.4324/9780367815882-6,18.170289855072465,8,83
490,316,2408.12568,0,https://arxiv.org/pdf/2408.08770,10.29007/4t8s,18.170289855072465,7,48
605,93,2408.12568,0,https://arxiv.org/pdf/2408.08732,10.1201/9781003427421-6,18.170289855072465,3,67
433,142,2408.12568,0,https://arxiv.org/pdf/2408.08698,10.3233/ao-190208,38.0,5,59
360,637,2408.12568,0,https://arxiv.org/pdf/2408.08682,10.1109/pcs60826.2024.10566435,18.170289855072465,2,69
272,9,2408.12568,0,https://arxiv.org/pdf/2408.08676,10.56227/24.1.9,18.170289855072465,3,91
557,84,2408.12568,0,https://arxiv.org/pdf/2408.08668,10.1109/cdc45484.2021.9683527,2.0,4,80
653,238,2408.12568,0,https://arxiv.org/pdf/2408.08648,10.1007/978-94-007-0357-5_7,1.0,3,97
393,118,2408.12568,0,https://arxiv.org/pdf/2408.08637,10.5220/0011344900003437,18.170289855072465,5,42
599,272,2408.12568,0,https://arxiv.org/pdf/2408.08550,10.7717/peerj-cs.1089/fig-2,18.170289855072465,2,36
64,183,2408.12568,0,https://arxiv.org/pdf/2408.08484,10.1007/springerreference_72436,3.0,8,95
33,682,2408.12568,0,https://arxiv.org/pdf/2408.08463,10.5121/csit.2024.140104,18.170289855072465,3,93
81,453,2408.12568,0,https://arxiv.org/pdf/2408.08435,10.1016/b978-0-08-031118-0.50004-x,18.170289855072465,3,35
422,522,2408.12568,0,https://arxiv.org/pdf/2408.08431,10.1007/978-981-99-8850-1_45,18.170289855072465,4,63
661,526,2408.12568,0,https://arxiv.org/pdf/2408.08328,10.1201/b18706-10,18.170289855072465,4,84
698,288,2408.12568,7,https://arxiv.org/pdf/2408.08872,10.3403/02618490u,18.170289855072465,27,58
471,516,2408.12568,22,https://arxiv.org/pdf/2408.08823,10.1364/oam.1992.thq1,18.170289855072465,2,43
208,568,2408.12568,18,https://arxiv.org/pdf/2408.08821,10.1021/acsphotonics.0c00505.s001,18.170289855072465,2,64
133,402,2408.12568,22,https://arxiv.org/pdf/2408.08808,10.1101/2024.03.15.24304362,18.170289855072465,5,63
106,234,2408.12568,4,https://arxiv.org/pdf/2408.08805,10.1016/j.knosys.2024.112308,18.170289855072465,3,89
10,51,2408.12568,17,https://arxiv.org/pdf/2408.08790,10.1007/s11042-024-18281-1,18.170289855072465,6,158
30,97,2408.12568,16,https://arxiv.org/pdf/2408.08785,10.2139/ssrn.4898206,18.170289855072465,5,136
42,551,2408.12568,2,https://arxiv.org/pdf/2408.08739,10.21437/asvspoof.2021-5,14.0,13,81
139,523,2408.12568,7,https://arxiv.org/pdf/2408.08723,10.1109/tvcg.2024.3397828/mm1,18.170289855072465,7,60
97,633,2408.12568,22,https://arxiv.org/pdf/2408.08713,10.1145/3605098.3636105,18.170289855072465,7,102
91,621,2408.12568,22,https://arxiv.org/pdf/2408.08707,10.21203/rs.3.rs-4750823/v1,18.170289855072465,6,46
100,575,2408.12568,7,https://arxiv.org/pdf/2408.08704,10.1101/2023.07.03.23292192,1.0,4,83
518,307,2408.12568,4,https://arxiv.org/pdf/2408.08694,10.18653/v1/2020.emnlp-main.428,1.0,2,98
618,428,2408.12568,4,https://arxiv.org/pdf/2408.08688,10.1109/iscas45731.2020.9181217/video,18.170289855072465,5,106
567,502,2408.12568,18,https://arxiv.org/pdf/2408.08686,10.1016/j.ipm.2023.103331,9.0,5,99
111,677,2408.12568,22,https://arxiv.org/pdf/2408.08685,10.22215/etd/2020-14167,18.170289855072465,7,86
439,125,2408.12568,22,https://arxiv.org/pdf/2408.08677,10.1145/2908812.2908930,22.0,3,22
382,379,2408.12568,40,https://arxiv.org/pdf/2408.08673,10.1109/icassp49357.2023.10096853,5.0,5,107
51,10,2408.12568,7,https://arxiv.org/pdf/2408.08670,10.1561/116.00000012,18.170289855072465,6,69
20,42,2408.12568,22,https://arxiv.org/pdf/2408.08666,10.2139/ssrn.4601101,18.170289855072465,4,76
415,48,2408.12568,22,https://arxiv.org/pdf/2408.08655,10.1109/srds55811.2022.00017,2.0,4,109
614,19,2408.12568,22,https://arxiv.org/pdf/2408.08652,10.1145/68210.69217,31.0,3,44
535,285,2408.12568,4,https://arxiv.org/pdf/2408.08651,10.18653/v1/2023.findings-emnlp.114,18.170289855072465,4,89
27,211,2408.12568,4,https://arxiv.org/pdf/2408.08632,10.36227/techrxiv.170629758.87975697/v1,18.170289855072465,2,58
533,145,2408.12568,4,https://arxiv.org/pdf/2408.08624,10.18653/v1/2021.bionlp-1.7,7.0,11,96
590,557,2408.12568,7,https://arxiv.org/pdf/2408.08623,10.7717/peerjcs.1751/table-2,18.170289855072465,5,84
165,126,2408.12568,22,https://arxiv.org/pdf/2408.08622,10.2514/6.2023-1479.vid,18.170289855072465,2,67
485,689,2408.12568,9,https://arxiv.org/pdf/2408.08619,10.31274/td-20240329-487,1.0,4,95
289,117,2408.12568,7,https://arxiv.org/pdf/2408.08610,10.1109/bigcom53800.2021.00042,3.0,7,56
387,693,2408.12568,7,https://arxiv.org/pdf/2408.08600,10.21203/rs.3.rs-3082767/v1,18.170289855072465,4,76
19,143,2408.12568,4,https://arxiv.org/pdf/2408.08590,10.18653/v1/2023.emnlp-main.435,18.170289855072465,3,88
561,96,2408.12568,36,https://arxiv.org/pdf/2408.08584,10.1109/icmech.2019.8722847,22.0,7,92
58,304,2408.12568,26,https://arxiv.org/pdf/2408.08571,10.1007/978-3-030-98816-6_6,18.170289855072465,5,83
173,506,2408.12568,22,https://arxiv.org/pdf/2408.08531,10.1080/10494820.2021.1926288,1.0,9,97
277,290,2408.12568,7,https://arxiv.org/pdf/2408.08527,10.1515/9781614511816.183,18.170289855072465,7,110
284,264,2408.12568,7,https://arxiv.org/pdf/2408.08524,10.1109/tmm.2024.3443637/mm1,18.170289855072465,3,116
243,184,2408.12568,4,https://arxiv.org/pdf/2408.08506,10.1016/s0167-8760(10)00646-x,18.170289855072465,8,67
57,410,2408.12568,22,https://arxiv.org/pdf/2408.08488,10.1038/s41746-023-00853-4,6.0,5,112
261,240,2408.12568,9,https://arxiv.org/pdf/2408.08471,10.1145/3531146.3533070,18.170289855072465,5,92
134,201,2408.12568,22,https://arxiv.org/pdf/2408.08470,10.20944/preprints202402.1702.v1,18.170289855072465,4,96
214,639,2408.12568,17,https://arxiv.org/pdf/2408.08456,10.1038/s41467-024-46142-w,1.0,5,102
595,353,2408.12568,7,https://arxiv.org/pdf/2408.08447,10.1145/3580305.3599573,2.0,6,64
679,229,2408.12568,4,https://arxiv.org/pdf/2408.08444,10.6109/jkiice.2023.27.12.1489,18.170289855072465,4,82
478,281,2408.12568,7,https://arxiv.org/pdf/2408.08437,10.22215/etd/2000-04495,2.0,1,111
499,2,2408.12568,17,https://arxiv.org/pdf/2408.08432,10.1038/s41598-022-11826-0,13.0,5,131
75,146,2408.12568,5,https://arxiv.org/pdf/2408.08422,10.3390/info15080494,18.170289855072465,10,80
656,164,2408.12568,16,https://arxiv.org/pdf/2408.08401,10.1145/3368308.3415367,18.170289855072465,6,97
161,111,2408.12568,24,https://arxiv.org/pdf/2408.08376,10.14264/uql.2019.168,18.170289855072465,23,129
39,691,2408.12568,39,https://arxiv.org/pdf/2408.08343,10.2139/ssrn.4786740,18.170289855072465,4,58
248,384,2408.12568,34,https://arxiv.org/pdf/2408.08341,10.1101/2024.03.03.583201,3.0,5,83
300,501,2408.12568,22,https://arxiv.org/pdf/2408.08336,10.1021/acs.jpca.8b02842.s002,18.170289855072465,1,53
493,354,2408.12568,39,https://arxiv.org/pdf/2408.08335,10.1057/9781137332875.0024,18.170289855072465,2,68
126,510,2408.12568,39,https://arxiv.org/pdf/2408.08333,10.18653/v1/2023.findings-emnlp.360,18.170289855072465,4,69
274,315,2408.12568,8,https://arxiv.org/pdf/2408.08318,10.55248/gengpi.5.0324.0914,2.0,2,98
579,80,2408.12568,7,https://arxiv.org/pdf/2408.08315,10.2139/ssrn.4495221,33.0,7,48
